'114', 'Australian Collectors, Co.', 'Australia', 'Sydney'
'276', 'Anna\'s Decorations, Ltd', 'Australia', 'Sydney'
'282', 'Souveniers And Things Co.', 'Australia', 'Sydney'
'333', 'Australian Gift Network, Co', 'Australia', 'Sydney'
'471', 'Australian Collectables, Ltd', 'Australia', 'Sydney'
'166', 'Handji Gifts& Co', 'Singapore', 'Sydney'
'323', 'Down Under Souveniers, Inc', 'New Zealand', 'Sydney'
'357', 'GiftsForHim.com', 'New Zealand', 'Sydney'
'412', 'Extreme Desk Decorations, Ltd', 'New Zealand', 'Sydney'
'496', 'Kelly\'s Gift Shop', 'New Zealand', 'Sydney'



Australian Collectors, Co.
Anna\'s Decorations, Ltd
Souveniers And Things Co.
Australian Gift Network, Co
Australian Collectables, Ltd
Handji Gifts& Co
Down Under Souveniers, Inc
GiftsForHim.com
Extreme Desk Decorations, Ltd
Kelly\'s Gift Shop



1 Anna\'s Decorations, Ltd
2 Australian Collectables, Ltd
3 Australian Collectors, Co.
4 Australian Gift Network, Co
5 Down Under Souveniers, Inc
6 Extreme Desk Decorations, Ltd
7 GiftsForHim.com
8 Handji Gifts& Co
9 Kelly\'s Gift Shop
10 Souveniers And Things Co.
